TALLAHASSEE REGIONAL AP,,,,,,
date,mint,avgt,maxt,pcpn,snow,snwd
1/1/25,37,50.5,64,0,0,0
1/2/25,31,47,63,0,0,0
1/3/25,29,48,67,0,0,M
1/4/25,33,47,61,0,0,M
1/5/25,42,52.5,63,0,0,0
1/6/25,38,55.5,73,0.07,0,0
1/7/25,29,40,51,0,0,0
1/8/25,28,41,54,0,0,0
1/9/25,30,42,54,0,0,0
1/10/25,34,46.5,59,0.37,0,0
1/11/25,28,43,58,0.02,0,0
1/12/25,23,40,57,T,0,0
1/13/25,43,46,49,2.43,0,0
1/14/25,37,48.5,60,0,0,M
1/15/25,38,49.5,61,0,0,M
1/16/25,37,51,65,0.01,0,M
1/17/25,30,49,68,0,0,M
1/18/25,41,56,71,0.59,0,M
1/19/25,37,50.5,64,0.21,M,M
1/20/25,31,39,47,0,0,0
1/21/25,31,40.5,50,0.59,1.5,2
1/22/25,25,33.5,42,0.15,0.4,2
1/23/25,21,34.5,48,0,0,M
1/24/25,20,36.5,53,0,0,M
1/25/25,21,40,59,0,0,M
1/26/25,26,47,68,0,0,0
1/27/25,38,52.5,67,T,0,0
1/28/25,43,55,67,0,0,0
1/29/25,38,57.5,77,0,0,0
1/30/25,43,59.5,76,0,0,0
1/31/25,46,62,78,0.05,0,0
2/1/25,43,58.5,74,0,0,0
2/2/25,39,58.5,78,0,0,0
2/3/25,42,58.5,75,0,0,0
2/4/25,55,68.5,82,0,0,0
2/5/25,51,66,81,0,0,0
2/6/25,60,70,80,0,0,0
2/7/25,61,68.5,76,0,0,0
2/8/25,62,70.5,79,0,0,0
2/9/25,63,73,83,0,0,0
2/10/25,63,72.5,82,0,0,0
2/11/25,59,67,75,0,0,M
2/12/25,65,72,79,0,0,0
2/13/25,61,67.5,74,0.85,0,0
2/14/25,51,62.5,74,0,0,0
2/15/25,60,68.5,77,T,0,0
2/16/25,53,63.5,74,0.38,0,0
2/17/25,40,51,62,0,0,M
2/18/25,33,50,67,0,0,0
2/19/25,51,54.5,58,1.47,0,0
2/20/25,39,46,53,0,0,0
2/21/25,32,43,54,0,0,0
2/22/25,37,51.5,66,0,0,0
2/23/25,38,49,60,0.21,0,0
2/24/25,50,55.5,61,0.11,0,0
2/25/25,51,64,77,0,0,0
2/26/25,41,61,81,0,0,0
2/27/25,42,60.5,79,0,0,0
2/28/25,40,58.5,77,0,0,0
3/1/25,40,60,80,0,0,0
3/2/25,44,56,68,0,0,0
3/3/25,35,53,71,0,0,0
3/4/25,52,65.5,79,0,0,0
3/5/25,55,66,77,0.64,0,0
3/6/25,43,55.5,68,0,0,0
3/7/25,35,54.5,74,0,0,0
3/8/25,48,59,70,0.39,0,0
3/9/25,55,62.5,70,4.25,0,0
3/10/25,45,55,65,0.06,0,0
3/11/25,41,60,79,0,0,M
3/12/25,40,59.5,79,0,0,M
3/13/25,47,62.5,78,0.02,0,0
3/14/25,54,67,80,0,0,M
3/15/25,56,68,80,0,0,M
3/16/25,61,71,81,0.26,0,0
3/17/25,47,59.5,72,0,0,0
3/18/25,36,59,82,0,0,0
3/19/25,37,59,81,0,0,0
3/20/25,49,62,75,0.09,0,0
3/21/25,38,54.5,71,0,0,0
3/22/25,35,56,77,0,0,0
3/23/25,43,61.5,80,0,0,M
3/24/25,47,62,77,0.01,0,0
3/25/25,52,67,82,0,0,0
3/26/25,52,69.5,87,0,0,0
3/27/25,50,67.5,85,0,0,0
3/28/25,53,67.5,82,0,0,0
3/29/25,65,73.5,82,0,0,0
3/30/25,68,71.5,75,0.12,0,0
3/31/25,64,72,80,0.42,0,0
4/1/25,57,70.5,84,0,0,0
4/2/25,69,79,89,0,0,0
4/3/25,70,77.5,85,0,0,M
4/4/25,68,76.5,85,0,0,M
4/5/25,65,75.5,86,0,0,M
4/6/25,64,74,84,0,0,0
4/7/25,57,67.5,78,2.47,0,0
4/8/25,50,62,74,0,0,0
4/9/25,47,62.5,78,0,0,0
4/10/25,46,64.5,83,0,0,0
4/11/25,54,68.5,83,T,0,0
4/12/25,48,61.5,75,0,0,0
4/13/25,39,59.5,80,0,0,0
4/14/25,44,64,84,0,0,M
4/15/25,51,68,85,0,0,M
4/16/25,41,60.5,80,0,0,M
4/17/25,44,64.5,85,0,0,0
4/18/25,50,67.5,85,0,0,M
4/19/25,56,70.5,85,0,0,M
4/20/25,62,72.5,83,0,0,0
4/21/25,59,72,85,0,0,M
4/22/25,57,73,89,0,0,0
4/23/25,61,76,91,0,0,M
4/24/25,65,75.5,86,0,0,0
4/25/25,65,75.5,86,0,0,0
4/26/25,65,78,91,0,0,0
4/27/25,61,77.5,94,0,0,M
4/28/25,61,77.5,94,T,0,M
4/29/25,66,77,88,0.01,0,M
4/30/25,65,76.5,88,0,0,M
5/1/25,65,76.5,88,0,0,0
5/2/25,62,75.5,89,0,0,0
5/3/25,61,71.5,82,0.9,0,0
5/4/25,64,74,84,0.02,0,0
5/5/25,55,70.5,86,0,0,0
5/6/25,58,73,88,0,0,0
5/7/25,68,76.5,85,T,0,0
5/8/25,71,80.5,90,0,0,0
5/9/25,69,78,87,0.05,0,0
5/10/25,68,76.5,85,0.12,0,0
5/11/25,70,72.5,75,0.86,0,0
5/12/25,66,75,84,0.14,0,0
5/13/25,62,73.5,85,0,0,0
5/14/25,63,77,91,0,0,0
5/15/25,66,81,96,T,0,M
5/16/25,68,83,98,0,0,0
5/17/25,72,84,96,0,0,0
5/18/25,74,84,94,0,0,0
5/19/25,71,82.5,94,0,0,M
5/20/25,67,81.5,96,T,0,M
5/21/25,74,82.5,91,0.99,0,0
5/22/25,66,79,92,0,0,0
5/23/25,62,78.5,95,0,0,M
5/24/25,65,80.5,96,0,0,0
5/25/25,72,82.5,93,0.1,0,0
5/26/25,70,81,92,0,0,0
5/27/25,71,81.5,92,T,0,0
5/28/25,73,84,95,0.01,0,M
5/29/25,69,75.5,82,0.24,0,M
5/30/25,67,80,93,T,0,M
5/31/25,65,76,87,0,0,M
6/1/25,58,74,90,0,0,M
6/2/25,64,77.5,91,0,0,M
6/3/25,69,81,93,0.08,0,M
6/4/25,74,80.5,87,0.64,0,M
6/5/25,72,80.5,89,0.05,0,0
6/6/25,74,84,94,0.57,0,0
6/7/25,76,83.5,91,0.17,0,0
6/8/25,76,85,94,0.01,0,0
6/9/25,77,83.5,90,0.08,0,M
6/10/25,72,82,92,1.19,0,0
6/11/25,71,81,91,0,0,0
6/12/25,74,83,92,0.02,0,0
6/13/25,75,82,89,T,0,0
6/14/25,75,81.5,88,0.73,0,0
6/15/25,73,79,85,0.45,0,0
6/16/25,72,80.5,89,1.94,0,0
6/17/25,74,83.5,93,0.1,0,0
6/18/25,73,83.5,94,0.01,0,0
6/19/25,73,82,91,0.58,0,0
6/20/25,71,82.5,94,0,0,M
6/21/25,73,85,97,0,0,0
6/22/25,74,86,98,0,0,0
6/23/25,73,85,97,0.01,0,0
6/24/25,76,87,98,0,0,0
6/25/25,72,84,96,0.78,0,0
6/26/25,71,78,85,T,0,M
6/27/25,71,79,87,0.25,0,M
6/28/25,73,80,87,0.15,0,M
6/29/25,72,79.5,87,0.01,0,M
6/30/25,72,82,92,2.55,0,M
7/1/25,71,80,89,0,0,0
7/2/25,73,82.5,92,0,0,0
7/3/25,74,85,96,0,0,0
7/4/25,75,84,93,T,0,0
7/5/25,75,84,93,T,0,0
7/6/25,77,85.5,94,0,0,0
7/7/25,73,82,91,0,0,M
7/8/25,74,84,94,T,0,0
7/9/25,75,82.5,90,0,0,0
7/10/25,74,85.5,97,0,0,0
7/11/25,75,84,93,T,0,0
7/12/25,72,84.5,97,0,0,0
7/13/25,77,87,97,0,0,0
7/14/25,73,85.5,98,0.24,0,0
7/15/25,75,86.5,98,T,0,0
7/16/25,77,81.5,86,0.14,0,0
7/17/25,76,83.5,91,0.2,0,0
7/18/25,74,84,94,0,0,0
7/19/25,74,86,98,T,0,0
7/20/25,73,85,97,0,0,0
7/21/25,79,88.5,98,T,0,M
7/22/25,73,85,97,0.78,0,M
7/23/25,73,83,93,1.1,0,0
7/24/25,76,82.5,89,0.1,0,M
7/25/25,76,82.5,89,0.4,0,0
7/26/25,74,85,96,0,0,M
7/27/25,77,87,97,0,0,M
7/28/25,76,87,98,0,0,0
7/29/25,76,87,98,0.02,0,0
7/30/25,75,85.5,96,T,0,0
7/31/25,77,86,95,0.16,0,0
8/1/25,75,84.5,94,0.34,0,0
8/2/25,76,84.5,93,0,0,0
8/3/25,75,79.5,84,0.41,0,0
8/4/25,75,80.5,86,0.69,0,0
8/5/25,74,82.5,91,1.1,0,0
8/6/25,72,79.5,87,0.05,0,0
8/7/25,75,82,89,0,0,0
8/8/25,74,80,86,0,0,0
8/9/25,75,82,89,T,0,0
8/10/25,75,83,91,0.29,0,0
8/11/25,76,80,84,0.03,0,0
8/12/25,76,82.5,89,0.04,0,M
8/13/25,74,83,92,0.33,0,0
8/14/25,76,85,94,0.97,0,0
8/15/25,74,83.5,93,0.2,0,0
8/16/25,72,83.5,95,0.23,0,0
8/17/25,75,82.5,90,0,0,0
8/18/25,75,84.5,94,T,0,0
8/19/25,76,85,94,T,0,0
8/20/25,74,84,94,T,0,0
8/21/25,73,83.5,94,0,0,0
8/22/25,73,81,89,0.31,0,0
8/23/25,73,81,89,1.04,0,0
8/24/25,72,81,90,0.21,0,0
8/25/25,72,82.5,93,0,0,M
8/26/25,69,79.5,90,0,0,0
8/27/25,69,79,89,0,0,M
8/28/25,66,79,92,0,0,M
8/29/25,71,78.5,86,0.02,0,M
8/30/25,73,80,87,0.92,0,M
8/31/25,71,79.5,88,0,0,M
9/1/25,71,79.5,88,0,0,M
9/2/25,65,77,89,0,0,M
9/3/25,66,78,90,0,0,M
9/4/25,67,79.5,92,0,0,M
9/5/25,70,82.5,95,0,0,0
9/6/25,68,81,94,0,0,M
9/7/25,76,85,94,0,0,M
9/8/25,72,79,86,0,0,M
9/9/25,71,79.5,88,0,0,0
9/10/25,69,79,89,0,0,0
9/11/25,61,76,91,0,0,0
9/12/25,60,76,92,0,0,0
9/13/25,63,76.5,90,0,0,0
9/14/25,57,73,89,0,0,0
9/15/25,56,73,90,0,0,0
9/16/25,57,74,91,0,0,0
9/17/25,61,77,93,0,0,0
9/18/25,63,78.5,94,0,0,0
9/19/25,66,80.5,95,0,0,0
9/20/25,65,80,95,0,0,0
9/21/25,66,79.5,93,0,0,0
9/22/25,66,79.5,93,0,0,0
9/23/25,70,82.5,95,0,0,0
9/24/25,65,80,95,0,0,0
9/25/25,66,80.5,95,T,0,0
9/26/25,72,76.5,81,0.54,0,M
9/27/25,71,80.5,90,T,0,M
9/28/25,70,81.5,93,0,0,0
9/29/25,70,78.5,87,T,0,0
9/30/25,70,75,80,T,0,0
10/1/25,69,79.5,90,0,0,0
10/2/25,71,79,87,0,0,0
10/3/25,68,77.5,87,0,0,0
10/4/25,69,78.5,88,0.01,0,M
10/5/25,73,80.5,88,0.44,0,M
10/6/25,73,81,89,0.02,0,0
10/7/25,72,81,90,T,0,0
10/8/25,70,80.5,91,0,0,0
10/9/25,69,78,87,T,0,0
10/10/25,64,68,72,0,0,0
10/11/25,60,70,80,0,0,0
10/12/25,56,67,78,0,0,0
10/13/25,50,68,86,0,0,0
10/14/25,53,70,87,0,0,0
10/15/25,56,71.5,87,0,0,0
10/16/25,55,71.5,88,0,0,0
10/17/25,58,72,86,0,0,0
10/18/25,55,69.5,84,0,0,0
10/19/25,59,67,75,0.29,0,0
10/20/25,51,65,79,0,0,0
10/21/25,47,65,83,0,0,0
10/22/25,50,66.5,83,0,0,0
10/23/25,42,61.5,81,0,0,0
10/24/25,43,64,85,0,0,0
10/25/25,47,65,83,0,0,M
10/26/25,65,73,81,T,0,0
10/27/25,61,70,79,0.14,0,0
10/28/25,58,60,62,0,0,0
10/29/25,53,62,71,0.05,0,0
10/30/25,45,53,61,0,0,0
10/31/25,36,52.5,69,0,0,0
11/1/25,36,54,72,0,0,0
11/2/25,39,55.5,72,0,0,0
11/3/25,41,55.5,70,0,0,0
11/4/25,36,56.5,77,0,0,0
11/5/25,42,61,80,0,0,0
11/6/25,49,63.5,78,0,0,0
11/7/25,47,64,81,0,0,0
11/8/25,61,73.5,86,0.02,0,0
11/9/25,58,71.5,85,0.02,0,0
11/10/25,38,48,58,0,0,0
11/11/25,28,42.5,57,0,0,0
11/12/25,26,48.5,71,0,0,0
11/13/25,38,57.5,77,0,0,M
11/14/25,38,58,78,0,0,M
11/15/25,37,58,79,0,0,M
11/16/25,43,62.5,82,0,0,0
11/17/25,45,62.5,80,0,0,0
11/18/25,40,60,80,0,0,0
11/19/25,45,65,85,0,0,M
11/20/25,51,67.5,84,0,0,0
11/21/25,52,64,76,0,0,M
11/22/25,63,73.5,84,0.06,0,0
11/23/25,61,72,83,0,0,0
11/24/25,58,68.5,79,0,0,0
11/25/25,56,68.5,81,0,0,M
11/26/25,63,72,81,T,0,0
11/27/25,35,49.5,64,0,0,0
11/28/25,29,43.5,58,0,0,M
11/29/25,34,51.5,69,0,0,0
11/30/25,50,63,76,0,0,0
12/1/25,59,60.5,62,0.06,0,0
12/2/25,52,63.5,75,0.85,0,0
12/3/25,45,51.5,58,0,0,0
12/4/25,41,47,53,0.24,0,0
12/5/25,49,63,77,0.27,0,0
12/6/25,51,53,55,0.5,0,0
12/7/25,52,55.5,59,0.93,0,0
12/8/25,43,50,57,0.16,0,0
12/9/25,33,45,57,0,0,0
12/10/25,29,46.5,64,0,0,0
12/11/25,35,49,63,0,0,M
12/12/25,32,51.5,71,0,0,M
12/13/25,43,58.5,74,0,0,M
12/14/25,40,53,66,0,0,M
12/15/25,31,41,51,0,0,M
12/16/25,28,45.5,63,0,0,M
12/17/25,37,54.5,72,0,0,M
12/18/25,56,61,66,0.44,0,M
12/19/25,38,53,68,0,0,M
12/20/25,31,49.5,68,0,0,M
12/21/25,32,53,74,0,0,M
12/22/25,46,59.5,73,0,0,0
12/23/25,51,63.5,76,0,0,0
12/24/25,49,64,79,0,0,0
12/25/25,49,64.5,80,0,0,0
12/26/25,46,61,76,0,0,0
12/27/25,52,62.5,73,0,0,0
12/28/25,55,66,77,0,0,0
12/29/25,45,59,73,T,0,0
12/30/25,32,41,50,0,0,0
12/31/25,26,41,56,0,0,0